allele_id,Chrom,Position,site_id,advantage
NC_034184.1:55610438,NC_034184.1,55610438,X103234_118.NC_034184.1.55610438,assortive
NC_034185.1:13956569,NC_034185.1,13956569,X107334_110.NC_034185.1.13956569,assortive
NC_034186.1:29361000,NC_034186.1,29361000,X117130_51.NC_034186.1.29361000,assortive
NC_034188.1:28830408,NC_034188.1,28830408,X136503_8.NC_034188.1.28830408,assortive
NC_034188.1:36462883,NC_034188.1,36462883,X137939_42.NC_034188.1.36462883,assortive
NC_034188.1:52464405,NC_034188.1,52464405,X140532_44.NC_034188.1.52464405,disassortive
NC_034175.1:41497136,NC_034175.1,41497136,X14483_110.NC_034175.1.41497136,disassortive
NC_034189.1:673559,NC_034189.1,673559,X147031_22.NC_034189.1.673559,assortive
NC_034190.1:14187958,NC_034190.1,14187958,X147915_13.NC_034190.1.14187958,assortive
NC_034190.1:47685509,NC_034190.1,47685509,X153493_83.NC_034190.1.47685509,assortive
NC_034191.1:24621627,NC_034191.1,24621627,X160234_84.NC_034191.1.24621627,assortive
NC_034191.1:31137439,NC_034191.1,31137439,X161293_84.NC_034191.1.31137439,assortive
NC_034191.1:32109251,NC_034191.1,32109251,X161470_17.NC_034191.1.32109251,assortive
NC_034191.1:47483355,NC_034191.1,47483355,X164276_35.NC_034191.1.47483355,disassortive
NC_034192.1:16324009,NC_034192.1,16324009,X168197_17.NC_034192.1.16324009,disassortive
NC_034193.1:31044258,NC_034193.1,31044258,X178058_44.NC_034193.1.31044258,assortive
NC_034193.1:36697549,NC_034193.1,36697549,X179065_119.NC_034193.1.36697549,assortive
NC_034193.1:37575139,NC_034193.1,37575139,X179219_98.NC_034193.1.37575139,assortive
NC_034193.1:38108316,NC_034193.1,38108316,X179317_79.NC_034193.1.38108316,assortive
NC_034195.1:43850595,NC_034195.1,43850595,X190783_5.NC_034195.1.43850595,assortive
NC_034196.1:13597314,NC_034196.1,13597314,X193495_25.NC_034196.1.13597314,assortive
NC_034175.1:9456122,NC_034175.1,9456122,X19393_32.NC_034175.1.9456122,disassortive
NC_034196.1:33050498,NC_034196.1,33050498,X196469_17.NC_034196.1.33050498,disassortive
NC_034196.1:3650856,NC_034196.1,3650856,X197161_111.NC_034196.1.3650856,assortive
NC_034197.1:11456402,NC_034197.1,11456402,X199109_99.NC_034197.1.11456402,assortive
NC_034198.1:2622771,NC_034198.1,2622771,X207278_65.NC_034198.1.2622771,assortive
NC_034200.1:7491006,NC_034200.1,7491006,X220396_61.NC_034200.1.7491006,assortive
NC_034201.1:28053591,NC_034201.1,28053591,X223831_7.NC_034201.1.28053591,assortive
NC_034201.1:40164032,NC_034201.1,40164032,X226053_131.NC_034201.1.40164032,assortive
NC_034203.1:24394589,NC_034203.1,24394589,X236383_82.NC_034203.1.24394589,disassortive
NC_034203.1:26524659,NC_034203.1,26524659,X236803_15.NC_034203.1.26524659,disassortive
NC_034203.1:4969497,NC_034203.1,4969497,X239105_16.NC_034203.1.4969497,assortive
NW_018086987.1:710990,NW_018086987.1,710990,X242926_108.NW_018086987.1.710990,assortive
NW_018089977.1:322919,NW_018089977.1,322919,X261180_45.NW_018089977.1.322919,assortive
NW_018091020.1:79916,NW_018091020.1,79916,X271456_42.NW_018091020.1.79916,assortive
NW_018093007.1:48639,NW_018093007.1,48639,X281460_100.NW_018093007.1.48639,assortive
NW_018101649.1:693,NW_018101649.1,693,X289388_86.NW_018101649.1.693,assortive
NC_034177.1:31079376,NC_034177.1,31079376,X33366_37.NC_034177.1.31079376,disassortive
NC_034174.1:29841103,NC_034174.1,29841103,X3445_63.NC_034174.1.29841103,disassortive
NC_034194.1:11907972,NC_034194.1,11907972,X359340_16.NC_034194.1.11907972,assortive
NW_018093544.1:49825,NW_018093544.1,49825,X397081_82.NW_018093544.1.49825,assortive
NC_034177.1:67406277,NC_034177.1,67406277,X39959_91.NC_034177.1.67406277,assortive
NC_034177.1:7674511,NC_034177.1,7674511,X41428_12.NC_034177.1.7674511,assortive
NC_034178.1:17963349,NC_034178.1,17963349,X43503_76.NC_034178.1.17963349,assortive
NC_034182.1:12064378,NC_034182.1,12064378,X81391_14.NC_034182.1.12064378,assortive
NC_034183.1:21308672,NC_034183.1,21308672,X88069_128.NC_034183.1.21308672,disassortive
NC_034183.1:57259336,NC_034183.1,57259336,X94079_25.NC_034183.1.57259336,disassortive
